﻿<parameters>
  <parameter name="DatabaseAdministratorConnectionString" description="Connection used to create or update the application database." defaultValue="" tags="SQLConnectionString" />
  <parameter name="DatabaseServer" description="Name of the server that hosts the application database. Must match the server specified in the connection string." defaultValue="" tags="SQL" />
  <parameter name="DatabaseName" description="Name of the application database. Must match the database specified in the connection string." defaultValue="Marketing.UI" tags="SQL">
    <parameterEntry kind="SqlCommandVariable" scope="Marketing.UI.sql" match="DatabaseName" />
  </parameter>
  <parameter name="DatabaseUserName" description="User name that the application will use to connect to the application database." defaultValue="" tags="SQL">
    <parameterEntry kind="SqlCommandVariable" scope="Marketing.UI.sql" match="DatabaseUserName" />
  </parameter>
  <parameter name="DatabaseUserPassword" description="Password for the database user name." defaultValue="" tags="SQL,Password,New">
    <parameterEntry kind="SqlCommandVariable" scope="Marketing.UI.sql" match="DatabaseUserPassword" />
  </parameter>
  <parameter name="dbFullSql_Path" defaultValue="{DatabaseAdministratorConnectionString}" tags="Hidden">
    <parameterEntry kind="ProviderPath" scope="dbFullSql" match="Marketing.UI.sql" />
  </parameter>
  <parameter name="Update web.config connection string" defaultValue="Data Source={DatabaseServer};Database={DatabaseName};uid={DatabaseUserName};Pwd={DatabaseUserPassword};" tags="Hidden">
    <parameterEntry kind="XmlFile" scope="web.config" match="//connectionStrings/add[@name='_IntrinsicData']/@connectionString" />
  </parameter>
  <parameter name="Marketing.Services.MarketingDomainService" description="Configure the custom connection string." defaultValue="" tags="None">
    <parameterEntry kind="XmlFile" scope="web.config" match="configuration/connectionStrings/add[@name='Marketing.Services.MarketingDomainService']/@connectionString" />
  </parameter>
  <parameter name="MarketingData" description="Configure the ConnectionString" defaultValue="Data Source=WIN-RNMUH95F9U1\SQLSERVER2008;Initial Catalog=Marketing;Integrated Security=True" tags="SqlConnectionString">
    <parameterEntry kind="XmlFile" scope="web.config" match="configuration/connectionStrings/add[@name='MarketingData']/@connectionString" />
  </parameter>
  <parameter name="Marketing.UI_IisWebApplication" description="IIS Web Application content location" defaultValue="Default Web Site/Marketing_UI" tags="IisApp">
    <parameterEntry kind="ProviderPath" scope="IisApp" match="^C:\\Projects\\Urbana\\Marketing\\Marketing\.UI\\Bin\\Debug\\app\.publish\\$" />
  </parameter>
  <parameter name="LightSwitchApplication_Path" defaultValue="{Marketing.UI_IisWebApplication}" tags="Hidden">
    <parameterEntry kind="ProviderPath" scope="LightSwitchApplication" match="^C:\\Projects\\Urbana\\Marketing\\Marketing\.UI\\Bin\\Debug\\app\.publish\\$" />
  </parameter>
  <parameter name="Application Administrator User Name" description="The user name of the user that will define users and roles in the application." defaultValue="" />
  <parameter name="Application Administrator Full Name" description="The full name of the user that will define users and roles in the application." defaultValue="" />
  <parameter name="Application Administrator Full Password" description="The password of the user that will define users and roles in the application." defaultValue="" tags="Password,New">
    <parameterValidation kind="RegularExpression" validationString="^(?=.{7,})(?=(.*\W.*){1,})" />
  </parameter>
  <parameter name="LightSwitchAddAdministrator_Arguments" defaultValue="Microsoft.LightSwitch.SecurityAdmin.exe /iisapp:&quot;{Marketing.UI_IisWebApplication}&quot; /user:&quot;{Application Administrator User Name}&quot; /fullname:&quot;{Application Administrator Full Name}&quot; /password:&quot;{Application Administrator Full Password}&quot;" tags="Hidden">
    <parameterEntry kind="ProviderPath" scope="LightSwitchAddAdministrator" match="^Microsoft\.LightSwitch\.SecurityAdmin\.exe$" />
  </parameter>
</parameters>